Azimuth,Height,Electrical Downtilt,Mechanical Downtilt,Frequency Band,RS Power,Cell Altitude,Cell Building Height,Cell Clutter Index,Cell X,Cell Y
300.0,36.0,6.0,4.0,2585.0,16.199999999999992,531.0,0.0,6.0,390720.0,3396105.0
180.0,25.0,6.0,4.0,2585.0,9.200000000000001,502.0,27.0,5.0,405400.0,3392765.0
70.0,15.0,3.0,3.0,2585.0,12.200000000000003,493.0,0.0,5.0,410025.0,3386230.0
180.0,30.0,3.0,3.0,2585.0,14.200000000000001,501.0,39.0,12.0,411595.0,3396015.0
0.0,0.0,0.0,8.0,2585.0,9.200000000000001,496.0,9.0,5.0,413205.0,3391260.0
200.0,31.0,9.0,6.0,2585.0,6.200000000000002,497.0,24.0,5.0,414300.0,3391895.0
180.0,35.0,3.0,1.0,2585.0,11.200000000000001,501.0,0.0,5.0,417070.0,3395140.0
0.0,25.0,6.0,6.0,2585.0,10.200000000000001,506.0,0.0,5.0,418255.0,3393835.0
